{
  "42": {
    "mse": 0.0058945221826434135,
    "mae": 0.04521442949771881,
    "pearson": 0.9594987034797668,
    "spearman": 0.9470009486361155,
    "sign_acc": 0.9014308679113149
  },
  "67": {
    "mse": 0.005789428483694792,
    "mae": 0.044650427997112274,
    "pearson": 0.9602547883987427,
    "spearman": 0.9478604354677023,
    "sign_acc": 0.9012717057409795
  },
  "1337": {
    "mse": 0.0059222630225121975,
    "mae": 0.04502745345234871,
    "pearson": 0.9593527913093567,
    "spearman": 0.9473219554573651,
    "sign_acc": 0.9025290868866288
  },
  "mean": {
    "mse": 0.005868737896283467,
    "mae": 0.04496410364905993,
    "pearson": 0.9597020943959554,
    "spearman": 0.9473944465203944,
    "sign_acc": 0.9017438868463077
  },
  "std": {
    "mse": 5.7212328176288405e-05,
    "mae": 0.00023456956516728177,
    "pearson": 0.0003953273630011913,
    "spearman": 0.00035460834647264145,
    "sign_acc": 0.0005590095268160422
  }
}