{
  "42": {
    "mse": 0.011796866543591022,
    "mae": 0.06376094371080399,
    "pearson": 0.9171964526176453,
    "spearman": 0.9009626837377891,
    "sign_acc": 0.8724474366932468
  },
  "67": {
    "mse": 0.009684213437139988,
    "mae": 0.05788508802652359,
    "pearson": 0.9324532747268677,
    "spearman": 0.916625346427057,
    "sign_acc": 0.8805328749462827
  },
  "1337": {
    "mse": 0.010001246817409992,
    "mae": 0.05856509879231453,
    "pearson": 0.9303064346313477,
    "spearman": 0.915790950293885,
    "sign_acc": 0.88110585875949
  },
  "mean": {
    "mse": 0.010494108932713667,
    "mae": 0.060070376843214035,
    "pearson": 0.9266520539919535,
    "spearman": 0.9111263268195771,
    "sign_acc": 0.8780287234663398
  },
  "std": {
    "mse": 0.0009302367388915976,
    "mae": 0.002624349635435088,
    "pearson": 0.006743319094298613,
    "spearman": 0.007194849303367179,
    "sign_acc": 0.003953492055147966
  }
}